epoch,step,train_loss_epoch,train_loss_step
0,65,,6.990296363830566
0,65,7.197413921356201,
