epoch,step,train_loss_epoch,train_loss_step
0,132,,6.080143928527832
0,132,6.950262069702148,
