epoch,step,train_loss_epoch,train_loss_step
0,65,,7.904212951660156
0,65,7.228065490722656,
