epoch,step,train_loss_epoch,train_loss_step
0,65,,7.364062786102295
0,65,8.094916343688965,
