epoch,step,train_loss_epoch,train_loss_step
0,65,,6.221290588378906
0,65,7.188924312591553,
1,131,,6.0957231521606445
1,131,6.356095314025879,
