epoch,step,train_loss_epoch,train_loss_step
0,65,,5.835126876831055
0,65,7.509533405303955,
1,131,,5.096179008483887
1,131,6.704577445983887,
